Week,30 yr FRM,Year
4/2/1971,7.33,1971
4/9/1971,7.31,1971
4/16/1971,7.31,1971
4/23/1971,7.31,1971
4/30/1971,7.29,1971
5/7/1971,7.38,1971
5/14/1971,7.42,1971
5/21/1971,7.44,1971
5/28/1971,7.46,1971
6/4/1971,7.52,1971
6/11/1971,7.52,1971
6/18/1971,7.54,1971
6/25/1971,7.54,1971
7/2/1971,7.54,1971
7/9/1971,7.54,1971
7/16/1971,7.60,1971
7/23/1971,7.65,1971
7/30/1971,7.69,1971
8/6/1971,7.66,1971
8/13/1971,7.73,1971
8/20/1971,7.71,1971
8/27/1971,7.69,1971
9/3/1971,7.71,1971
9/10/1971,7.67,1971
9/17/1971,7.70,1971
9/24/1971,7.67,1971
10/1/1971,7.67,1971
10/8/1971,7.63,1971
10/15/1971,7.63,1971
10/22/1971,7.58,1971
10/29/1971,7.63,1971
11/5/1971,7.59,1971
11/12/1971,7.56,1971
11/19/1971,7.54,1971
11/26/1971,7.51,1971
12/3/1971,7.49,1971
12/10/1971,7.47,1971
12/17/1971,7.48,1971
12/24/1971,7.48,1971
12/31/1971,7.48,1971
1/7/1972,7.46,1972
1/14/1972,7.46,1972
1/21/1972,7.43,1972
1/28/1972,7.40,1972
2/4/1972,7.35,1972
2/11/1972,7.33,1972
2/18/1972,7.31,1972
2/25/1972,7.31,1972
3/3/1972,7.32,1972
3/10/1972,7.32,1972
3/17/1972,7.31,1972
3/24/1972,7.31,1972
3/31/1972,7.23,1972
4/7/1972,7.25,1972
4/14/1972,7.29,1972
4/21/1972,7.29,1972
4/28/1972,7.33,1972
5/5/1972,7.33,1972
5/12/1972,7.38,1972
5/19/1972,7.38,1972
5/26/1972,7.40,1972
6/2/1972,7.36,1972
6/9/1972,7.38,1972
6/16/1972,7.38,1972
6/23/1972,7.36,1972
6/30/1972,7.38,1972
7/7/1972,7.38,1972
7/14/1972,7.40,1972
7/21/1972,7.40,1972
7/28/1972,7.40,1972
8/4/1972,7.35,1972
8/11/1972,7.41,1972
8/18/1972,7.42,1972
8/25/1972,7.42,1972
9/1/1972,7.42,1972
9/8/1972,7.42,1972
9/15/1972,7.42,1972
9/22/1972,7.41,1972
9/29/1972,7.43,1972
10/6/1972,7.41,1972
10/13/1972,7.41,1972
10/20/1972,7.44,1972
10/27/1972,7.42,1972
11/3/1972,7.43,1972
11/10/1972,7.42,1972
11/17/1972,7.42,1972
11/24/1972,7.44,1972
12/1/1972,7.45,1972
12/8/1972,7.43,1972
12/15/1972,7.43,1972
12/22/1972,7.45,1972
12/29/1972,7.45,1972
1/5/1973,7.44,1973
1/12/1973,7.44,1973
1/19/1973,7.44,1973
1/26/1973,7.43,1973
2/2/1973,7.43,1973
2/9/1973,7.43,1973
2/16/1973,7.45,1973
2/23/1973,7.45,1973
3/2/1973,7.45,1973
3/9/1973,7.45,1973
3/16/1973,7.45,1973
3/23/1973,7.45,1973
3/30/1973,7.49,1973
4/6/1973,7.51,1973
4/13/1973,7.54,1973
4/20/1973,7.56,1973
4/27/1973,7.56,1973
5/4/1973,7.58,1973
5/11/1973,7.64,1973
5/18/1973,7.69,1973
5/24/1973,7.70,1973
6/1/1973,7.70,1973
6/8/1973,7.73,1973
6/15/1973,7.73,1973
6/22/1973,7.75,1973
6/29/1973,7.76,1973
7/6/1973,7.89,1973
7/13/1973,8.01,1973
7/20/1973,8.12,1973
7/27/1973,8.18,1973
8/3/1973,8.26,1973
8/10/1973,8.40,1973
8/17/1973,8.55,1973
8/24/1973,8.61,1973
8/31/1973,8.66,1973
9/7/1973,8.77,1973
9/14/1973,8.81,1973
9/21/1973,8.83,1973
9/28/1973,8.85,1973
10/5/1973,8.82,1973
10/12/1973,8.83,1973
10/19/1973,8.75,1973
10/26/1973,8.68,1973
11/2/1973,8.62,1973
11/9/1973,8.59,1973
11/16/1973,8.58,1973
11/23/1973,8.57,1973
11/30/1973,8.55,1973
12/7/1973,8.53,1973
12/14/1973,8.53,1973
12/21/1973,8.53,1973
12/28/1973,8.56,1973
1/4/1974,8.56,1974
1/11/1974,8.53,1974
1/18/1974,8.55,1974
1/25/1974,8.52,1974
2/1/1974,8.48,1974
2/8/1974,8.46,1974
2/15/1974,8.46,1974
2/22/1974,8.42,1974
3/1/1974,8.41,1974
3/8/1974,8.41,1974
3/15/1974,8.40,1974
3/22/1974,8.40,1974
3/29/1974,8.41,1974
4/5/1974,8.44,1974
4/12/1974,8.53,1974
4/19/1974,8.63,1974
4/26/1974,8.73,1974
5/3/1974,8.87,1974
5/10/1974,8.98,1974
5/17/1974,8.97,1974
5/24/1974,9.01,1974
5/31/1974,9.03,1974
6/7/1974,9.06,1974
6/14/1974,9.11,1974
6/21/1974,9.07,1974
6/28/1974,9.10,1974
7/5/1974,9.14,1974
7/12/1974,9.19,1974
7/19/1974,9.37,1974
7/26/1974,9.42,1974
8/2/1974,9.47,1974
8/9/1974,9.50,1974
8/16/1974,9.60,1974
8/23/1974,9.62,1974
8/30/1974,9.74,1974
9/6/1974,9.88,1974
9/13/1974,9.92,1974
9/20/1974,10.00,1974
9/27/1974,10.03,1974
10/4/1974,10.02,1974
10/11/1974,9.96,1974
10/18/1974,9.99,1974
10/25/1974,9.94,1974
11/1/1974,9.87,1974
11/8/1974,9.81,1974
11/15/1974,9.81,1974
11/22/1974,9.73,1974
11/29/1974,9.72,1974
12/6/1974,9.69,1974
12/13/1974,9.63,1974
12/20/1974,9.58,1974
12/27/1974,9.56,1974
1/3/1975,9.60,1975
1/10/1975,9.49,1975
1/17/1975,9.43,1975
1/24/1975,9.35,1975
1/31/1975,9.29,1975
2/7/1975,9.20,1975
2/14/1975,9.13,1975
2/21/1975,9.07,1975
2/28/1975,9.02,1975
3/7/1975,9.00,1975
3/14/1975,8.89,1975
3/21/1975,8.86,1975
3/28/1975,8.86,1975
4/4/1975,8.83,1975
4/11/1975,8.81,1975
4/18/1975,8.80,1975
4/25/1975,8.84,1975
5/2/1975,8.92,1975
5/9/1975,8.88,1975
5/16/1975,8.92,1975
5/23/1975,8.92,1975
5/30/1975,8.89,1975
6/6/1975,8.89,1975
6/13/1975,8.90,1975
6/20/1975,8.88,1975
6/27/1975,8.90,1975
7/3/1975,8.88,1975
7/11/1975,8.90,1975
7/18/1975,8.89,1975
7/25/1975,8.89,1975
8/1/1975,8.89,1975
8/8/1975,8.89,1975
8/15/1975,8.93,1975
8/22/1975,8.98,1975
8/29/1975,9.02,1975
9/5/1975,9.08,1975
9/12/1975,9.16,1975
9/19/1975,9.14,1975
9/26/1975,9.14,1975
10/3/1975,9.20,1975
10/10/1975,9.21,1975
10/17/1975,9.21,1975
10/24/1975,9.26,1975
10/31/1975,9.24,1975
11/7/1975,9.19,1975
11/14/1975,9.16,1975
11/21/1975,9.12,1975
11/28/1975,9.11,1975
12/5/1975,9.11,1975
12/12/1975,9.11,1975
12/19/1975,9.08,1975
12/26/1975,9.09,1975
1/2/1976,9.10,1976
1/9/1976,9.07,1976
1/16/1976,9.01,1976
1/23/1976,9.00,1976
1/30/1976,8.90,1976
2/6/1976,8.86,1976
2/13/1976,8.83,1976
2/20/1976,8.81,1976
2/27/1976,8.75,1976
3/5/1976,8.77,1976
3/12/1976,8.75,1976
3/19/1976,8.75,1976
3/26/1976,8.75,1976
4/2/1976,8.70,1976
4/9/1976,8.70,1976
4/16/1976,8.75,1976
4/23/1976,8.75,1976
4/30/1976,8.75,1976
5/7/1976,8.75,1976
5/14/1976,8.75,1976
5/21/1976,8.78,1976
5/28/1976,8.78,1976
6/4/1976,8.78,1976
6/11/1976,8.83,1976
6/18/1976,8.88,1976
6/25/1976,8.90,1976
7/2/1976,8.93,1976
7/9/1976,8.93,1976
7/16/1976,8.93,1976
7/23/1976,8.90,1976
7/30/1976,8.98,1976
8/6/1976,9.00,1976
8/13/1976,9.00,1976
8/20/1976,9.00,1976
8/27/1976,9.00,1976
9/3/1976,9.00,1976
9/10/1976,8.97,1976
9/17/1976,8.97,1976
9/24/1976,8.97,1976
10/1/1976,8.90,1976
10/8/1976,8.95,1976
10/15/1976,8.95,1976
10/22/1976,8.95,1976
10/29/1976,8.90,1976
11/5/1976,8.85,1976
11/12/1976,8.80,1976
11/19/1976,8.80,1976
11/26/1976,8.80,1976
12/3/1976,8.80,1976
12/10/1976,8.80,1976
12/17/1976,8.80,1976
12/24/1976,8.78,1976
12/31/1976,8.78,1976
1/7/1977,8.70,1977
1/14/1977,8.73,1977
1/21/1977,8.73,1977
1/28/1977,8.73,1977
2/4/1977,8.68,1977
2/11/1977,8.70,1977
2/18/1977,8.65,1977
2/25/1977,8.65,1977
3/4/1977,8.65,1977
3/11/1977,8.70,1977
3/18/1977,8.70,1977
3/25/1977,8.70,1977
4/1/1977,8.70,1977
4/8/1977,8.75,1977
4/15/1977,8.75,1977
4/22/1977,8.78,1977
4/29/1977,8.78,1977
5/6/1977,8.78,1977
5/13/1977,8.83,1977
5/20/1977,8.85,1977
5/27/1977,8.85,1977
6/3/1977,8.85,1977
6/10/1977,8.85,1977
6/17/1977,8.85,1977
6/24/1977,8.88,1977
7/1/1977,8.95,1977
7/8/1977,8.93,1977
7/15/1977,8.95,1977
7/22/1977,8.95,1977
7/29/1977,8.93,1977
8/5/1977,8.95,1977
8/12/1977,8.95,1977
8/19/1977,8.93,1977
8/26/1977,8.93,1977
9/2/1977,8.88,1977
9/9/1977,8.90,1977
9/16/1977,8.90,1977
9/23/1977,8.90,1977
9/30/1977,8.90,1977
10/7/1977,8.93,1977
10/14/1977,8.93,1977
10/21/1977,8.93,1977
10/28/1977,8.90,1977
11/4/1977,8.90,1977
11/11/1977,8.93,1977
11/18/1977,8.93,1977
11/25/1977,8.93,1977
12/2/1977,8.95,1977
12/9/1977,8.95,1977
12/16/1977,8.95,1977
12/23/1977,8.95,1977
12/30/1977,9.00,1977
1/6/1978,9.00,1978
1/13/1978,9.03,1978
1/20/1978,8.98,1978
1/27/1978,9.05,1978
2/3/1978,9.13,1978
2/10/1978,9.15,1978
2/17/1978,9.15,1978
2/24/1978,9.15,1978
3/3/1978,9.15,1978
3/10/1978,9.15,1978
3/17/1978,9.23,1978
3/24/1978,9.23,1978
3/31/1978,9.25,1978
4/7/1978,9.28,1978
4/14/1978,9.33,1978
4/21/1978,9.38,1978
4/28/1978,9.43,1978
5/5/1978,9.48,1978
5/12/1978,9.55,1978
5/19/1978,9.58,1978
5/26/1978,9.68,1978
6/2/1978,9.68,1978
6/9/1978,9.70,1978
6/16/1978,9.73,1978
6/23/1978,9.70,1978
6/30/1978,9.73,1978
7/7/1978,9.73,1978
7/14/1978,9.73,1978
7/21/1978,9.75,1978
7/28/1978,9.75,1978
8/4/1978,9.78,1978
8/11/1978,9.78,1978
8/18/1978,9.78,1978
8/25/1978,9.80,1978
9/1/1978,9.75,1978
9/8/1978,9.75,1978
9/15/1978,9.75,1978
9/22/1978,9.75,1978
9/29/1978,9.78,1978
10/6/1978,9.85,1978
10/13/1978,9.85,1978
10/20/1978,9.85,1978
10/27/1978,9.88,1978
11/3/1978,9.90,1978
11/10/1978,10.05,1978
11/17/1978,10.20,1978
11/24/1978,10.28,1978
12/1/1978,10.30,1978
12/8/1978,10.35,1978
12/15/1978,10.35,1978
12/22/1978,10.35,1978
12/29/1978,10.38,1978
1/5/1979,10.38,1979
1/12/1979,10.38,1979
1/19/1979,10.40,1979
1/26/1979,10.40,1979
2/2/1979,10.40,1979
2/9/1979,10.43,1979
2/16/1979,10.40,1979
2/23/1979,10.40,1979
3/2/1979,10.43,1979
3/9/1979,10.40,1979
3/16/1979,10.40,1979
3/23/1979,10.45,1979
3/30/1979,10.45,1979
4/6/1979,10.48,1979
4/13/1979,10.48,1979
4/20/1979,10.50,1979
4/27/1979,10.53,1979
5/4/1979,10.60,1979
5/11/1979,10.68,1979
5/18/1979,10.73,1979
5/25/1979,10.75,1979
6/1/1979,10.90,1979
6/8/1979,11.03,1979
6/15/1979,11.05,1979
6/22/1979,11.10,1979
6/29/1979,11.10,1979
7/6/1979,11.13,1979
7/13/1979,11.08,1979
7/20/1979,11.08,1979
7/27/1979,11.08,1979
8/3/1979,11.08,1979
8/10/1979,11.08,1979
8/17/1979,11.08,1979
8/24/1979,11.10,1979
8/31/1979,11.13,1979
9/7/1979,11.20,1979
9/14/1979,11.30,1979
9/21/1979,11.35,1979
9/28/1979,11.35,1979
10/5/1979,11.35,1979
10/12/1979,11.45,1979
10/19/1979,11.75,1979
10/26/1979,12.00,1979
11/2/1979,12.80,1979
11/9/1979,12.85,1979
11/16/1979,12.80,1979
11/23/1979,12.80,1979
11/30/1979,12.90,1979
12/7/1979,12.90,1979
12/14/1979,12.90,1979
12/21/1979,12.90,1979
12/28/1979,12.90,1979
1/4/1980,12.85,1980
1/11/1980,12.90,1980
1/18/1980,12.87,1980
1/25/1980,12.89,1980
2/1/1980,12.85,1980
2/8/1980,12.85,1980
2/15/1980,12.88,1980
2/22/1980,13.03,1980
2/29/1980,13.59,1980
3/7/1980,14.00,1980
3/14/1980,15.40,1980
3/21/1980,15.70,1980
3/28/1980,16.03,1980
4/4/1980,16.35,1980
4/11/1980,16.35,1980
4/18/1980,16.35,1980
4/25/1980,16.25,1980
5/2/1980,15.90,1980
5/9/1980,14.68,1980
5/16/1980,14.15,1980
5/23/1980,13.38,1980
5/30/1980,13.20,1980
6/6/1980,13.06,1980
6/13/1980,12.85,1980
6/20/1980,12.58,1980
6/27/1980,12.35,1980
7/4/1980,12.18,1980
7/11/1980,12.23,1980
7/18/1980,12.18,1980
7/25/1980,12.18,1980
8/1/1980,12.25,1980
8/8/1980,12.25,1980
8/15/1980,12.55,1980
8/22/1980,12.80,1980
8/29/1980,12.95,1980
9/5/1980,13.03,1980
9/12/1980,13.08,1980
9/19/1980,13.25,1980
9/26/1980,13.43,1980
10/3/1980,13.60,1980
10/10/1980,13.73,1980
10/17/1980,13.78,1980
10/24/1980,13.85,1980
10/31/1980,14.00,1980
11/7/1980,14.08,1980
11/14/1980,14.18,1980
11/21/1980,14.28,1980
11/28/1980,14.28,1980
12/5/1980,14.43,1980
12/12/1980,14.83,1980
12/19/1980,14.95,1980
12/26/1980,14.95,1980
1/2/1981,14.95,1981
1/9/1981,14.80,1981
1/16/1981,14.85,1981
1/23/1981,14.85,1981
1/30/1981,15.07,1981
2/6/1981,15.00,1981
2/13/1981,15.03,1981
2/20/1981,15.20,1981
2/27/1981,15.30,1981
3/6/1981,15.40,1981
3/13/1981,15.40,1981
3/20/1981,15.40,1981
3/27/1981,15.40,1981
4/3/1981,15.40,1981
4/10/1981,15.50,1981
4/17/1981,15.65,1981
4/24/1981,15.77,1981
5/1/1981,15.82,1981
5/8/1981,16.12,1981
5/15/1981,16.64,1981
5/22/1981,16.63,1981
5/29/1981,16.80,1981
6/5/1981,16.76,1981
6/12/1981,16.69,1981
6/19/1981,16.71,1981
6/26/1981,16.62,1981
7/3/1981,16.64,1981
7/10/1981,16.79,1981
7/17/1981,16.74,1981
7/24/1981,16.88,1981
7/31/1981,17.11,1981
8/7/1981,17.13,1981
8/14/1981,17.27,1981
8/21/1981,17.26,1981
8/28/1981,17.48,1981
9/4/1981,17.79,1981
9/11/1981,18.22,1981
9/18/1981,18.27,1981
9/25/1981,18.36,1981
10/2/1981,18.28,1981
10/9/1981,18.63,1981
10/16/1981,18.53,1981
10/21/1981,18.39,1981
10/30/1981,18.44,1981
11/6/1981,18.37,1981
11/13/1981,18.02,1981
11/20/1981,17.70,1981
11/27/1981,17.21,1981
12/4/1981,16.90,1981
12/11/1981,16.94,1981
12/18/1981,16.90,1981
12/25/1981,16.95,1981
12/31/1981,17.04,1981
1/8/1982,17.30,1982
1/15/1982,17.44,1982
1/22/1982,17.61,1982
1/29/1982,17.59,1982
2/5/1982,17.56,1982
2/12/1982,17.65,1982
2/19/1982,17.66,1982
2/26/1982,17.52,1982
3/5/1982,17.29,1982
3/12/1982,17.19,1982
3/19/1982,17.12,1982
3/26/1982,17.04,1982
4/2/1982,16.95,1982
4/9/1982,16.91,1982
4/16/1982,16.93,1982
4/23/1982,16.86,1982
4/30/1982,16.81,1982
5/7/1982,16.78,1982
5/14/1982,16.63,1982
5/21/1982,16.67,1982
5/28/1982,16.63,1982
6/4/1982,16.65,1982
6/11/1982,16.70,1982
6/18/1982,16.71,1982
6/25/1982,16.73,1982
7/2/1982,16.87,1982
7/9/1982,16.93,1982
7/16/1982,16.88,1982
7/23/1982,16.75,1982
7/30/1982,16.65,1982
8/6/1982,16.55,1982
8/13/1982,16.44,1982
8/20/1982,16.21,1982
8/27/1982,15.88,1982
9/3/1982,15.59,1982
9/10/1982,15.56,1982
9/17/1982,15.38,1982
9/24/1982,15.19,1982
10/1/1982,15.13,1982
10/8/1982,14.96,1982
10/15/1982,14.60,1982
10/22/1982,14.20,1982
10/29/1982,14.15,1982
11/5/1982,13.91,1982
11/12/1982,13.84,1982
11/19/1982,13.78,1982
11/26/1982,13.77,1982
12/3/1982,13.66,1982
12/10/1982,13.66,1982
12/17/1982,13.63,1982
12/24/1982,13.60,1982
12/31/1982,13.57,1982
1/7/1983,13.46,1983
1/14/1983,13.31,1983
1/21/1983,13.12,1983
1/28/1983,13.10,1983
2/4/1983,13.06,1983
2/11/1983,13.06,1983
2/18/1983,13.07,1983
2/25/1983,12.98,1983
3/4/1983,12.74,1983
3/11/1983,12.79,1983
3/18/1983,12.81,1983
3/25/1983,12.86,1983
4/1/1983,12.82,1983
4/8/1983,12.82,1983
4/15/1983,12.79,1983
4/22/1983,12.75,1983
4/29/1983,12.73,1983
5/6/1983,12.71,1983
5/13/1983,12.59,1983
5/20/1983,12.55,1983
5/27/1983,12.68,1983
6/3/1983,12.74,1983
6/10/1983,12.82,1983
6/17/1983,12.96,1983
6/24/1983,12.96,1983
7/1/1983,13.08,1983
7/8/1983,13.30,1983
7/15/1983,13.50,1983
7/22/1983,13.58,1983
7/29/1983,13.65,1983
8/5/1983,13.73,1983
8/12/1983,13.84,1983
8/19/1983,13.89,1983
8/26/1983,13.78,1983
9/2/1983,13.77,1983
9/9/1983,13.77,1983
9/16/1983,13.72,1983
9/23/1983,13.72,1983
9/30/1983,13.65,1983
10/7/1983,13.59,1983
10/14/1983,13.60,1983
10/21/1983,13.52,1983
10/28/1983,13.43,1983
11/4/1983,13.42,1983
11/11/1983,13.47,1983
11/18/1983,13.42,1983
11/25/1983,13.43,1983
12/2/1983,13.41,1983
12/9/1983,13.38,1983
12/16/1983,13.42,1983
12/23/1983,13.46,1983
12/30/1983,13.43,1983
1/6/1984,13.43,1984
1/13/1984,13.40,1984
1/20/1984,13.35,1984
1/27/1984,13.29,1984
2/3/1984,13.26,1984
2/10/1984,13.23,1984
2/17/1984,13.19,1984
2/24/1984,13.25,1984
3/2/1984,13.23,1984
3/9/1984,13.30,1984
3/16/1984,13.37,1984
3/23/1984,13.48,1984
3/30/1984,13.55,1984
4/6/1984,13.63,1984
4/13/1984,13.58,1984
4/20/1984,13.67,1984
4/27/1984,13.73,1984
5/4/1984,13.78,1984
5/11/1984,13.87,1984
5/18/1984,14.04,1984
5/25/1984,14.08,1984
6/1/1984,14.29,1984
6/8/1984,14.33,1984
6/15/1984,14.47,1984
6/22/1984,14.49,1984
6/29/1984,14.50,1984
7/6/1984,14.66,1984
7/13/1984,14.68,1984
7/20/1984,14.66,1984
7/27/1984,14.67,1984
8/3/1984,14.68,1984
8/10/1984,14.54,1984
8/17/1984,14.39,1984
8/24/1984,14.36,1984
8/31/1984,14.38,1984
9/7/1984,14.42,1984
9/14/1984,14.43,1984
9/21/1984,14.29,1984
9/28/1984,14.26,1984
10/5/1984,14.18,1984
10/12/1984,14.19,1984
10/19/1984,14.10,1984
10/26/1984,14.05,1984
11/2/1984,13.85,1984
11/9/1984,13.74,1984
11/16/1984,13.63,1984
11/23/1984,13.55,1984
11/30/1984,13.42,1984
12/7/1984,13.20,1984
12/14/1984,13.20,1984
12/21/1984,13.18,1984
12/28/1984,13.14,1984
1/4/1985,13.10,1985
1/11/1985,13.12,1985
1/18/1985,13.12,1985
1/25/1985,12.96,1985
2/1/1985,12.93,1985
2/8/1985,12.91,1985
2/15/1985,12.90,1985
2/22/1985,12.94,1985
3/1/1985,13.02,1985
3/8/1985,13.10,1985
3/15/1985,13.20,1985
3/22/1985,13.24,1985
3/29/1985,13.29,1985
4/5/1985,13.27,1985
4/12/1985,13.23,1985
4/19/1985,13.16,1985
4/26/1985,13.12,1985
5/3/1985,13.07,1985
5/10/1985,13.02,1985
5/17/1985,12.94,1985
5/24/1985,12.83,1985
5/31/1985,12.71,1985
6/7/1985,12.39,1985
6/14/1985,12.27,1985
6/21/1985,12.05,1985
6/28/1985,12.15,1985
7/5/1985,12.13,1985
7/12/1985,12.03,1985
7/19/1985,11.94,1985
7/26/1985,12.03,1985
8/2/1985,12.17,1985
8/9/1985,12.23,1985
8/16/1985,12.24,1985
8/23/1985,12.18,1985
8/30/1985,12.11,1985
9/6/1985,12.15,1985
9/13/1985,12.24,1985
9/20/1985,12.21,1985
9/27/1985,12.17,1985
10/4/1985,12.17,1985
10/11/1985,12.17,1985
10/18/1985,12.13,1985
10/25/1985,12.07,1985
11/1/1985,12.01,1985
11/8/1985,11.90,1985
11/15/1985,11.79,1985
11/22/1985,11.64,1985
11/29/1985,11.58,1985
12/6/1985,11.50,1985
12/13/1985,11.31,1985
12/20/1985,11.14,1985
12/27/1985,11.09,1985
1/3/1986,10.81,1986
1/10/1986,10.77,1986
1/17/1986,10.99,1986
1/24/1986,10.97,1986
1/31/1986,10.89,1986
2/7/1986,10.85,1986
2/14/1986,10.80,1986
2/21/1986,10.68,1986
2/28/1986,10.51,1986
3/7/1986,10.20,1986
3/14/1986,10.01,1986
3/21/1986,10.01,1986
3/28/1986,10.10,1986
4/4/1986,9.99,1986
4/11/1986,9.98,1986
4/18/1986,9.92,1986
4/25/1986,9.86,1986
5/2/1986,9.90,1986
5/9/1986,10.00,1986
5/16/1986,10.08,1986
5/23/1986,10.36,1986
5/30/1986,10.38,1986
6/6/1986,10.74,1986
6/13/1986,10.76,1986
6/20/1986,10.61,1986
6/27/1986,10.62,1986
7/4/1986,10.61,1986
7/11/1986,10.59,1986
7/18/1986,10.43,1986
7/25/1986,10.40,1986
8/1/1986,10.40,1986
8/8/1986,10.40,1986
8/15/1986,10.23,1986
8/22/1986,10.04,1986
8/29/1986,9.93,1986
9/5/1986,9.90,1986
9/12/1986,9.96,1986
9/19/1986,10.07,1986
9/26/1986,10.10,1986
10/3/1986,10.08,1986
10/10/1986,9.99,1986
10/17/1986,9.96,1986
10/24/1986,9.95,1986
10/31/1986,9.89,1986
11/7/1986,9.83,1986
11/14/1986,9.81,1986
11/21/1986,9.64,1986
11/28/1986,9.50,1986
12/5/1986,9.30,1986
12/12/1986,9.35,1986
12/19/1986,9.30,1986
12/26/1986,9.29,1986
1/2/1987,9.37,1987
1/9/1987,9.32,1987
1/16/1987,9.21,1987
1/23/1987,9.04,1987
1/30/1987,9.08,1987
2/6/1987,9.06,1987
2/13/1987,9.09,1987
2/20/1987,9.11,1987
2/27/1987,9.07,1987
3/6/1987,9.03,1987
3/13/1987,9.05,1987
3/20/1987,9.03,1987
3/27/1987,9.03,1987
4/3/1987,9.26,1987
4/10/1987,9.43,1987
4/17/1987,10.27,1987
4/24/1987,10.37,1987
5/1/1987,10.47,1987
5/8/1987,10.52,1987
5/15/1987,10.48,1987
5/22/1987,10.81,1987
5/29/1987,10.70,1987
6/5/1987,10.70,1987
6/12/1987,10.66,1987
6/19/1987,10.44,1987
6/26/1987,10.35,1987
7/3/1987,10.36,1987
7/10/1987,10.30,1987
7/17/1987,10.23,1987
7/24/1987,10.23,1987
7/31/1987,10.27,1987
8/7/1987,10.35,1987
8/14/1987,10.34,1987
8/21/1987,10.30,1987
8/28/1987,10.33,1987
9/4/1987,10.63,1987
9/11/1987,10.91,1987
9/18/1987,10.99,1987
9/25/1987,11.02,1987
10/2/1987,11.18,1987
10/9/1987,11.21,1987
10/16/1987,11.58,1987
10/23/1987,11.36,1987
10/30/1987,10.97,1987
11/6/1987,10.79,1987
11/13/1987,10.66,1987
11/20/1987,10.60,1987
11/27/1987,10.55,1987
12/4/1987,10.60,1987
12/11/1987,10.66,1987
12/18/1987,10.69,1987
12/25/1987,10.64,1987
12/31/1987,10.61,1987
1/8/1988,10.50,1988
1/15/1988,10.53,1988
1/22/1988,10.34,1988
1/29/1988,10.16,1988
2/5/1988,9.94,1988
2/12/1988,9.84,1988
2/19/1988,9.92,1988
2/26/1988,9.87,1988
3/4/1988,9.85,1988
3/11/1988,9.96,1988
3/18/1988,9.92,1988
3/25/1988,9.99,1988
4/1/1988,10.05,1988
4/8/1988,10.19,1988
4/15/1988,10.19,1988
4/22/1988,10.30,1988
4/29/1988,10.28,1988
5/6/1988,10.32,1988
5/13/1988,10.40,1988
5/20/1988,10.52,1988
5/27/1988,10.58,1988
6/3/1988,10.58,1988
6/10/1988,10.51,1988
6/17/1988,10.35,1988
6/24/1988,10.40,1988
7/1/1988,10.39,1988
7/8/1988,10.38,1988
7/15/1988,10.44,1988
7/22/1988,10.46,1988
7/29/1988,10.49,1988
8/5/1988,10.44,1988
8/12/1988,10.57,1988
8/19/1988,10.71,1988
8/26/1988,10.67,1988
9/2/1988,10.65,1988
9/9/1988,10.53,1988
9/16/1988,10.40,1988
9/23/1988,10.40,1988
9/30/1988,10.42,1988
10/7/1988,10.38,1988
10/14/1988,10.33,1988
10/21/1988,10.28,1988
10/28/1988,10.22,1988
11/4/1988,10.12,1988
11/11/1988,10.24,1988
11/18/1988,10.31,1988
11/25/1988,10.39,1988
12/2/1988,10.44,1988
12/9/1988,10.46,1988
12/16/1988,10.71,1988
12/23/1988,10.68,1988
12/30/1988,10.77,1988
1/6/1989,10.80,1989
1/13/1989,10.81,1989
1/20/1989,10.71,1989
1/27/1989,10.60,1989
2/3/1989,10.55,1989
2/10/1989,10.56,1989
2/17/1989,10.69,1989
2/24/1989,10.78,1989
3/3/1989,10.91,1989
3/10/1989,10.86,1989
3/17/1989,10.98,1989
3/24/1989,11.22,1989
3/31/1989,11.19,1989
4/7/1989,11.07,1989
4/14/1989,11.11,1989
4/21/1989,10.99,1989
4/28/1989,11.03,1989
5/5/1989,10.97,1989
5/12/1989,10.93,1989
5/19/1989,10.69,1989
5/26/1989,10.50,1989
6/2/1989,10.48,1989
6/9/1989,10.20,1989
6/16/1989,10.04,1989
6/23/1989,10.19,1989
6/30/1989,10.07,1989
7/7/1989,10.03,1989
7/14/1989,9.82,1989
7/21/1989,9.87,1989
7/28/1989,9.81,1989
8/4/1989,9.68,1989
8/11/1989,9.96,1989
8/18/1989,10.09,1989
8/25/1989,10.21,1989
9/1/1989,10.22,1989
9/8/1989,10.17,1989
9/15/1989,10.05,1989
9/22/1989,10.03,1989
9/29/1989,10.16,1989
10/6/1989,10.10,1989
10/13/1989,9.95,1989
10/20/1989,9.92,1989
10/27/1989,9.82,1989
11/3/1989,9.82,1989
11/10/1989,9.79,1989
11/17/1989,9.72,1989
11/24/1989,9.74,1989
12/1/1989,9.74,1989
12/8/1989,9.76,1989
12/15/1989,9.75,1989
12/22/1989,9.69,1989
12/29/1989,9.78,1989
1/5/1990,9.83,1990
1/12/1990,9.80,1990
1/19/1990,9.90,1990
1/26/1990,10.05,1990
2/2/1990,10.17,1990
2/9/1990,10.21,1990
2/16/1990,10.10,1990
2/23/1990,10.31,1990
3/2/1990,10.23,1990
3/9/1990,10.29,1990
3/16/1990,10.34,1990
3/23/1990,10.26,1990
3/30/1990,10.22,1990
4/6/1990,10.26,1990
4/13/1990,10.25,1990
4/20/1990,10.41,1990
4/27/1990,10.56,1990
5/4/1990,10.67,1990
5/11/1990,10.54,1990
5/18/1990,10.37,1990
5/25/1990,10.33,1990
6/1/1990,10.29,1990
6/8/1990,10.10,1990
6/15/1990,10.12,1990
6/22/1990,10.16,1990
6/29/1990,10.15,1990
7/6/1990,10.06,1990
7/13/1990,10.11,1990
7/20/1990,9.99,1990
7/27/1990,9.98,1990
8/3/1990,9.84,1990
8/10/1990,10.08,1990
8/17/1990,10.05,1990
8/24/1990,10.29,1990
8/31/1990,10.24,1990
9/7/1990,10.19,1990
9/14/1990,10.13,1990
9/21/1990,10.16,1990
9/28/1990,10.22,1990
10/5/1990,10.08,1990
10/12/1990,10.22,1990
10/19/1990,10.24,1990
10/26/1990,10.17,1990
11/2/1990,10.13,1990
11/9/1990,10.09,1990
11/16/1990,10.02,1990
11/23/1990,9.93,1990
11/30/1990,9.90,1990
12/7/1990,9.81,1990
12/14/1990,9.56,1990
12/21/1990,9.64,1990
12/28/1990,9.68,1990
1/4/1991,9.56,1991
1/11/1991,9.63,1991
1/18/1991,9.75,1991
1/25/1991,9.61,1991
2/1/1991,9.56,1991
2/8/1991,9.36,1991
2/15/1991,9.25,1991
2/22/1991,9.29,1991
3/1/1991,9.40,1991
3/8/1991,9.49,1991
3/15/1991,9.50,1991
3/22/1991,9.59,1991
3/29/1991,9.52,1991
4/5/1991,9.49,1991
4/12/1991,9.48,1991
4/19/1991,9.47,1991
4/26/1991,9.53,1991
5/3/1991,9.47,1991
5/10/1991,9.47,1991
5/17/1991,9.50,1991
5/24/1991,9.47,1991
5/31/1991,9.45,1991
6/7/1991,9.48,1991
6/14/1991,9.66,1991
6/21/1991,9.65,1991
6/28/1991,9.67,1991
7/5/1991,9.62,1991
7/12/1991,9.64,1991
7/19/1991,9.54,1991
7/26/1991,9.50,1991
8/2/1991,9.44,1991
8/9/1991,9.27,1991
8/16/1991,9.19,1991
8/23/1991,9.17,1991
8/30/1991,9.15,1991
9/6/1991,9.14,1991
9/13/1991,9.02,1991
9/20/1991,8.95,1991
9/27/1991,8.92,1991
10/4/1991,8.87,1991
10/11/1991,8.82,1991
10/18/1991,8.82,1991
10/25/1991,8.91,1991
11/1/1991,8.78,1991
11/8/1991,8.76,1991
11/15/1991,8.69,1991
11/22/1991,8.63,1991
11/29/1991,8.70,1991
12/6/1991,8.62,1991
12/13/1991,8.53,1991
12/20/1991,8.49,1991
12/27/1991,8.35,1991
1/3/1992,8.24,1992
1/10/1992,8.23,1992
1/17/1992,8.45,1992
1/24/1992,8.56,1992
1/31/1992,8.68,1992
2/7/1992,8.67,1992
2/14/1992,8.73,1992
2/21/1992,8.82,1992
2/28/1992,8.83,1992
3/6/1992,8.85,1992
3/13/1992,8.88,1992
3/20/1992,9.03,1992
3/27/1992,8.98,1992
4/3/1992,8.96,1992
4/10/1992,8.84,1992
4/17/1992,8.76,1992
4/24/1992,8.85,1992
5/1/1992,8.84,1992
5/8/1992,8.75,1992
5/15/1992,8.64,1992
5/22/1992,8.53,1992
5/29/1992,8.60,1992
6/5/1992,8.59,1992
6/12/1992,8.54,1992
6/19/1992,8.48,1992
6/26/1992,8.43,1992
7/3/1992,8.29,1992
7/10/1992,8.13,1992
7/17/1992,8.09,1992
7/24/1992,8.08,1992
7/31/1992,8.05,1992
8/7/1992,8.06,1992
8/14/1992,7.96,1992
8/21/1992,7.87,1992
8/28/1992,8.01,1992
9/4/1992,7.94,1992
9/11/1992,7.84,1992
9/18/1992,7.89,1992
9/24/1992,8.02,1992
10/2/1992,7.93,1992
10/9/1992,8.01,1992
10/16/1992,8.06,1992
10/23/1992,8.23,1992
10/30/1992,8.21,1992
11/6/1992,8.29,1992
11/13/1992,8.32,1992
11/20/1992,8.32,1992
11/27/1992,8.29,1992
12/4/1992,8.34,1992
12/11/1992,8.23,1992
12/18/1992,8.19,1992
12/25/1992,8.13,1992
12/31/1992,8.14,1992
1/8/1993,8.07,1993
1/15/1993,8.04,1993
1/22/1993,8.00,1993
1/29/1993,7.86,1993
2/5/1993,7.80,1993
2/12/1993,7.75,1993
2/19/1993,7.65,1993
2/26/1993,7.53,1993
3/5/1993,7.44,1993
3/12/1993,7.47,1993
3/19/1993,7.57,1993
3/26/1993,7.50,1993
4/2/1993,7.53,1993
4/9/1993,7.57,1993
4/16/1993,7.45,1993
4/23/1993,7.38,1993
4/30/1993,7.43,1993
5/7/1993,7.42,1993
5/14/1993,7.42,1993
5/21/1993,7.52,1993
5/28/1993,7.50,1993
6/4/1993,7.47,1993
6/11/1993,7.48,1993
6/18/1993,7.38,1993
6/25/1993,7.34,1993
7/2/1993,7.23,1993
7/9/1993,7.19,1993
7/16/1993,7.16,1993
7/23/1993,7.20,1993
7/30/1993,7.25,1993
8/6/1993,7.21,1993
8/13/1993,7.17,1993
8/20/1993,7.10,1993
8/27/1993,6.97,1993
9/3/1993,6.93,1993
9/10/1993,6.82,1993
9/17/1993,6.96,1993
9/24/1993,6.95,1993
10/1/1993,6.89,1993
10/8/1993,6.87,1993
10/15/1993,6.81,1993
10/22/1993,6.74,1993
10/29/1993,6.86,1993
11/5/1993,7.11,1993
11/12/1993,7.12,1993
11/19/1993,7.08,1993
11/26/1993,7.31,1993
12/4/1993,7.25,1993
12/10/1993,7.14,1993
12/17/1993,7.17,1993
12/24/1993,7.17,1993
12/31/1993,7.13,1993
1/7/1994,7.23,1994
1/14/1994,6.99,1994
1/21/1994,7.05,1994
1/28/1994,6.97,1994
2/4/1994,6.97,1994
2/11/1994,7.21,1994
2/18/1994,7.11,1994
2/25/1994,7.32,1994
3/4/1994,7.51,1994
3/11/1994,7.63,1994
3/18/1994,7.76,1994
3/25/1994,7.80,1994
4/1/1994,8.04,1994
4/8/1994,8.47,1994
4/15/1994,8.26,1994
4/22/1994,8.49,1994
4/29/1994,8.32,1994
5/6/1994,8.53,1994
5/13/1994,8.77,1994
5/20/1994,8.56,1994
5/27/1994,8.53,1994
6/3/1994,8.55,1994
6/10/1994,8.25,1994
6/17/1994,8.33,1994
6/24/1994,8.46,1994
7/1/1994,8.57,1994
7/8/1994,8.68,1994
7/15/1994,8.72,1994
7/22/1994,8.53,1994
7/29/1994,8.57,1994
8/5/1994,8.38,1994
8/12/1994,8.57,1994
8/19/1994,8.54,1994
8/26/1994,8.56,1994
9/2/1994,8.48,1994
9/9/1994,8.51,1994
9/16/1994,8.66,1994
9/23/1994,8.73,1994
9/30/1994,8.82,1994
10/7/1994,8.89,1994
10/14/1994,8.93,1994
10/21/1994,8.85,1994
10/28/1994,9.03,1994
11/4/1994,9.05,1994
11/11/1994,9.19,1994
11/18/1994,9.19,1994
11/25/1994,9.25,1994
12/2/1994,9.23,1994
12/9/1994,9.15,1994
12/16/1994,9.25,1994
12/23/1994,9.18,1994
12/30/1994,9.18,1994
1/6/1995,9.22,1995
1/13/1995,9.19,1995
1/20/1995,9.05,1995
1/27/1995,9.13,1995
2/3/1995,8.94,1995
2/10/1995,8.80,1995
2/17/1995,8.84,1995
2/24/1995,8.73,1995
3/3/1995,8.53,1995
3/10/1995,8.62,1995
3/17/1995,8.38,1995
3/24/1995,8.40,1995
3/31/1995,8.38,1995
4/7/1995,8.41,1995
4/14/1995,8.37,1995
4/21/1995,8.24,1995
4/28/1995,8.26,1995
5/5/1995,8.27,1995
5/12/1995,7.87,1995
5/19/1995,7.83,1995
5/26/1995,7.85,1995
6/2/1995,7.71,1995
6/9/1995,7.51,1995
6/16/1995,7.55,1995
6/23/1995,7.53,1995
6/30/1995,7.53,1995
7/7/1995,7.63,1995
7/14/1995,7.41,1995
7/21/1995,7.60,1995
7/28/1995,7.79,1995
8/4/1995,7.82,1995
8/11/1995,7.80,1995
8/18/1995,7.94,1995
8/25/1995,7.88,1995
9/1/1995,7.76,1995
9/8/1995,7.63,1995
9/15/1995,7.60,1995
9/22/1995,7.57,1995
9/29/1995,7.62,1995
10/6/1995,7.57,1995
10/13/1995,7.50,1995
10/20/1995,7.38,1995
10/27/1995,7.45,1995
11/3/1995,7.44,1995
11/9/1995,7.37,1995
11/17/1995,7.35,1995
11/24/1995,7.35,1995
12/1/1995,7.33,1995
12/8/1995,7.18,1995
12/15/1995,7.15,1995
12/22/1995,7.23,1995
12/29/1995,7.11,1995
1/5/1996,7.02,1996
1/12/1996,7.08,1996
1/19/1996,7.02,1996
1/26/1996,7.00,1996
2/2/1996,7.02,1996
2/9/1996,7.02,1996
2/16/1996,6.94,1996
2/23/1996,7.32,1996
3/1/1996,7.41,1996
3/8/1996,7.38,1996
3/15/1996,7.83,1996
3/22/1996,7.81,1996
3/29/1996,7.69,1996
4/5/1996,7.78,1996
4/12/1996,8.05,1996
4/19/1996,7.95,1996
4/26/1996,7.92,1996
5/3/1996,7.99,1996
5/10/1996,8.24,1996
5/17/1996,8.08,1996
5/24/1996,8.01,1996
5/31/1996,8.03,1996
6/7/1996,8.30,1996
6/14/1996,8.39,1996
6/21/1996,8.30,1996
6/28/1996,8.29,1996
7/5/1996,8.14,1996
7/12/1996,8.42,1996
7/19/1996,8.23,1996
7/26/1996,8.19,1996
8/2/1996,8.23,1996
8/9/1996,7.88,1996
8/16/1996,7.88,1996
8/23/1996,7.93,1996
8/30/1996,8.09,1996
9/6/1996,8.34,1996
9/13/1996,8.28,1996
9/20/1996,8.14,1996
9/27/1996,8.16,1996
10/4/1996,8.06,1996
10/11/1996,7.86,1996
10/18/1996,7.88,1996
10/25/1996,7.86,1996
11/1/1996,7.78,1996
11/8/1996,7.67,1996
11/15/1996,7.59,1996
11/22/1996,7.53,1996
11/29/1996,7.52,1996
12/6/1996,7.44,1996
12/13/1996,7.57,1996
12/20/1996,7.74,1996
12/27/1996,7.64,1996
1/3/1997,7.67,1997
1/10/1997,7.85,1997
1/17/1997,7.87,1997
1/24/1997,7.85,1997
1/31/1997,7.88,1997
2/7/1997,7.74,1997
2/14/1997,7.65,1997
2/21/1997,7.56,1997
2/28/1997,7.65,1997
3/7/1997,7.84,1997
3/14/1997,7.84,1997
3/21/1997,7.94,1997
3/28/1997,7.97,1997
4/4/1997,8.18,1997
4/11/1997,8.15,1997
4/18/1997,8.16,1997
4/25/1997,8.08,1997
5/2/1997,8.01,1997
5/9/1997,7.94,1997
5/16/1997,7.91,1997
5/23/1997,7.92,1997
5/30/1997,7.94,1997
6/6/1997,7.85,1997
6/13/1997,7.72,1997
6/20/1997,7.61,1997
6/27/1997,7.58,1997
7/4/1997,7.62,1997
7/11/1997,7.47,1997
7/18/1997,7.47,1997
7/25/1997,7.43,1997
8/1/1997,7.36,1997
8/8/1997,7.46,1997
8/15/1997,7.54,1997
8/22/1997,7.46,1997
8/29/1997,7.58,1997
9/5/1997,7.53,1997
9/12/1997,7.53,1997
9/19/1997,7.38,1997
9/26/1997,7.28,1997
10/3/1997,7.31,1997
10/10/1997,7.26,1997
10/17/1997,7.34,1997
10/24/1997,7.35,1997
10/31/1997,7.21,1997
11/7/1997,7.24,1997
11/14/1997,7.23,1997
11/21/1997,7.18,1997
11/28/1997,7.17,1997
12/5/1997,7.15,1997
12/12/1997,7.17,1997
12/19/1997,7.07,1997
12/26/1997,6.99,1997
1/2/1998,7.03,1998
1/9/1998,6.94,1998
1/16/1998,6.89,1998
1/23/1998,6.99,1998
1/30/1998,7.12,1998
2/6/1998,7.03,1998
2/13/1998,7.06,1998
2/20/1998,6.99,1998
2/28/1998,7.09,1998
3/6/1998,7.19,1998
3/13/1998,7.16,1998
3/20/1998,7.08,1998
3/27/1998,7.08,1998
4/3/1998,7.15,1998
4/10/1998,7.09,1998
4/17/1998,7.17,1998
4/24/1998,7.15,1998
5/1/1998,7.22,1998
5/8/1998,7.14,1998
5/15/1998,7.19,1998
5/22/1998,7.10,1998
5/29/1998,7.07,1998
6/5/1998,7.05,1998
6/12/1998,7.04,1998
6/19/1998,6.94,1998
6/26/1998,6.96,1998
7/3/1998,6.98,1998
7/10/1998,6.91,1998
7/17/1998,6.94,1998
7/24/1998,6.96,1998
7/31/1998,6.97,1998
8/7/1998,6.94,1998
8/14/1998,6.91,1998
8/21/1998,6.92,1998
8/28/1998,6.92,1998
9/4/1998,6.82,1998
9/11/1998,6.77,1998
9/18/1998,6.66,1998
9/25/1998,6.64,1998
10/2/1998,6.60,1998
10/9/1998,6.49,1998
10/16/1998,6.90,1998
10/23/1998,6.73,1998
10/30/1998,6.83,1998
11/6/1998,6.89,1998
11/13/1998,6.93,1998
11/20/1998,6.86,1998
11/27/1998,6.78,1998
12/4/1998,6.71,1998
12/11/1998,6.69,1998
12/18/1998,6.69,1998
12/25/1998,6.77,1998
12/31/1998,6.83,1998
1/8/1999,6.79,1999
1/15/1999,6.83,1999
1/22/1999,6.78,1999
1/29/1999,6.74,1999
2/5/1999,6.75,1999
2/12/1999,6.77,1999
2/19/1999,6.82,1999
2/26/1999,6.89,1999
3/5/1999,7.06,1999
3/12/1999,7.11,1999
3/19/1999,7.01,1999
3/26/1999,6.98,1999
4/2/1999,6.98,1999
4/9/1999,6.92,1999
4/16/1999,6.87,1999
4/23/1999,6.88,1999
4/30/1999,6.93,1999
5/7/1999,7.02,1999
5/14/1999,7.10,1999
5/21/1999,7.23,1999
5/28/1999,7.23,1999
6/4/1999,7.41,1999
6/11/1999,7.51,1999
6/18/1999,7.65,1999
6/25/1999,7.63,1999
7/2/1999,7.71,1999
7/9/1999,7.65,1999
7/16/1999,7.58,1999
7/23/1999,7.52,1999
7/30/1999,7.70,1999
8/6/1999,7.89,1999
8/13/1999,8.15,1999
8/20/1999,7.93,1999
8/27/1999,7.80,1999
9/3/1999,7.83,1999
9/10/1999,7.88,1999
9/17/1999,7.82,1999
9/24/1999,7.76,1999
10/1/1999,7.70,1999
10/8/1999,7.82,1999
10/15/1999,7.85,1999
10/22/1999,7.93,1999
10/29/1999,7.96,1999
11/5/1999,7.84,1999
11/12/1999,7.67,1999
11/19/1999,7.69,1999
11/26/1999,7.75,1999
12/3/1999,7.84,1999
12/10/1999,7.84,1999
12/17/1999,7.86,1999
12/24/1999,7.96,1999
12/31/1999,8.06,1999
1/7/2000,8.15,2000
1/14/2000,8.18,2000
1/21/2000,8.26,2000
1/28/2000,8.25,2000
2/4/2000,8.25,2000
2/11/2000,8.36,2000
2/18/2000,8.38,2000
2/25/2000,8.31,2000
3/3/2000,8.27,2000
3/10/2000,8.23,2000
3/17/2000,8.24,2000
3/24/2000,8.23,2000
3/31/2000,8.23,2000
4/7/2000,8.20,2000
4/14/2000,8.12,2000
4/21/2000,8.16,2000
4/28/2000,8.13,2000
5/5/2000,8.28,2000
5/12/2000,8.52,2000
5/19/2000,8.64,2000
5/26/2000,8.62,2000
6/2/2000,8.54,2000
6/9/2000,8.32,2000
6/16/2000,8.22,2000
6/23/2000,8.14,2000
6/30/2000,8.22,2000
7/7/2000,8.16,2000
7/14/2000,8.09,2000
7/21/2000,8.21,2000
7/28/2000,8.13,2000
8/4/2000,8.12,2000
8/11/2000,8.04,2000
8/18/2000,7.96,2000
8/25/2000,7.99,2000
9/1/2000,7.96,2000
9/8/2000,7.94,2000
9/15/2000,7.88,2000
9/22/2000,7.90,2000
9/29/2000,7.88,2000
10/6/2000,7.83,2000
10/13/2000,7.84,2000
10/20/2000,7.83,2000
10/27/2000,7.68,2000
11/3/2000,7.73,2000
11/10/2000,7.79,2000
11/17/2000,7.73,2000
11/24/2000,7.73,2000
12/1/2000,7.65,2000
12/8/2000,7.54,2000
12/15/2000,7.42,2000
12/22/2000,7.17,2000
12/29/2000,7.13,2000
1/5/2001,7.07,2001
1/12/2001,6.89,2001
1/19/2001,7.02,2001
1/26/2001,7.15,2001
2/2/2001,7.09,2001
2/9/2001,6.98,2001
2/16/2001,7.01,2001
2/23/2001,7.12,2001
3/2/2001,7.03,2001
3/9/2001,6.97,2001
3/16/2001,6.96,2001
3/23/2001,6.89,2001
3/30/2001,6.91,2001
4/6/2001,7.01,2001
4/13/2001,7.04,2001
4/20/2001,7.14,2001
4/27/2001,7.12,2001
5/4/2001,7.14,2001
5/11/2001,7.10,2001
5/18/2001,7.14,2001
5/25/2001,7.20,2001
6/1/2001,7.24,2001
6/8/2001,7.20,2001
6/15/2001,7.14,2001
6/22/2001,7.11,2001
6/29/2001,7.11,2001
7/6/2001,7.19,2001
7/13/2001,7.21,2001
7/20/2001,7.08,2001
7/27/2001,7.03,2001
8/3/2001,7.00,2001
8/10/2001,7.00,2001
8/17/2001,6.92,2001
8/24/2001,6.91,2001
8/31/2001,6.92,2001
9/7/2001,6.89,2001
9/14/2001,6.86,2001
9/21/2001,6.80,2001
9/28/2001,6.72,2001
10/5/2001,6.64,2001
10/12/2001,6.58,2001
10/19/2001,6.61,2001
10/26/2001,6.64,2001
11/2/2001,6.56,2001
11/9/2001,6.45,2001
11/16/2001,6.51,2001
11/23/2001,6.75,2001
11/30/2001,7.02,2001
12/7/2001,6.84,2001
12/14/2001,7.09,2001
12/21/2001,7.17,2001
12/28/2001,7.16,2001
1/4/2002,7.14,2002
1/11/2002,7.06,2002
1/18/2002,6.83,2002
1/25/2002,6.96,2002
2/1/2002,7.02,2002
2/8/2002,6.88,2002
2/15/2002,6.86,2002
2/22/2002,6.81,2002
3/1/2002,6.80,2002
3/8/2002,6.87,2002
3/15/2002,7.08,2002
3/22/2002,7.14,2002
3/29/2002,7.18,2002
4/5/2002,7.13,2002
4/12/2002,6.99,2002
4/19/2002,6.94,2002
4/26/2002,6.88,2002
5/3/2002,6.78,2002
5/10/2002,6.79,2002
5/17/2002,6.89,2002
5/24/2002,6.81,2002
5/31/2002,6.76,2002
6/7/2002,6.71,2002
6/14/2002,6.71,2002
6/21/2002,6.63,2002
6/28/2002,6.55,2002
7/5/2002,6.57,2002
7/12/2002,6.54,2002
7/19/2002,6.49,2002
7/26/2002,6.34,2002
8/2/2002,6.43,2002
8/9/2002,6.31,2002
8/16/2002,6.22,2002
8/23/2002,6.27,2002
8/30/2002,6.22,2002
9/6/2002,6.15,2002
9/13/2002,6.18,2002
9/20/2002,6.05,2002
9/27/2002,5.99,2002
10/4/2002,6.01,2002
10/11/2002,5.98,2002
10/18/2002,6.15,2002
10/25/2002,6.31,2002
11/1/2002,6.13,2002
11/8/2002,6.11,2002
11/15/2002,5.94,2002
11/22/2002,6.03,2002
11/29/2002,6.13,2002
12/6/2002,6.19,2002
12/13/2002,6.04,2002
12/20/2002,6.03,2002
12/27/2002,5.93,2002
1/3/2003,5.85,2003
1/10/2003,5.95,2003
1/17/2003,5.97,2003
1/24/2003,5.91,2003
1/31/2003,5.90,2003
2/7/2003,5.88,2003
2/14/2003,5.86,2003
2/21/2003,5.84,2003
2/28/2003,5.79,2003
3/7/2003,5.67,2003
3/14/2003,5.61,2003
3/21/2003,5.79,2003
3/28/2003,5.91,2003
4/4/2003,5.79,2003
4/11/2003,5.85,2003
4/18/2003,5.82,2003
4/25/2003,5.79,2003
5/2/2003,5.70,2003
5/9/2003,5.62,2003
5/16/2003,5.45,2003
5/23/2003,5.34,2003
5/30/2003,5.31,2003
6/6/2003,5.26,2003
6/13/2003,5.21,2003
6/20/2003,5.21,2003
6/27/2003,5.24,2003
7/4/2003,5.40,2003
7/11/2003,5.52,2003
7/18/2003,5.67,2003
7/25/2003,5.94,2003
8/1/2003,6.14,2003
8/8/2003,6.34,2003
8/15/2003,6.24,2003
8/22/2003,6.28,2003
8/29/2003,6.32,2003
9/5/2003,6.44,2003
9/12/2003,6.16,2003
9/19/2003,6.01,2003
9/26/2003,5.98,2003
10/3/2003,5.77,2003
10/10/2003,5.95,2003
10/17/2003,6.05,2003
10/24/2003,6.05,2003
10/31/2003,5.94,2003
11/7/2003,5.98,2003
11/14/2003,6.03,2003
11/21/2003,5.83,2003
11/28/2003,5.89,2003
12/5/2003,6.02,2003
12/12/2003,5.88,2003
12/19/2003,5.82,2003
12/26/2003,5.81,2003
12/31/2003,5.85,2003
1/8/2004,5.87,2004
1/15/2004,5.66,2004
1/22/2004,5.64,2004
1/29/2004,5.68,2004
2/5/2004,5.72,2004
2/12/2004,5.66,2004
2/19/2004,5.58,2004
2/26/2004,5.58,2004
3/4/2004,5.59,2004
3/11/2004,5.41,2004
3/18/2004,5.38,2004
3/25/2004,5.40,2004
4/1/2004,5.52,2004
4/8/2004,5.79,2004
4/15/2004,5.89,2004
4/22/2004,5.94,2004
4/29/2004,6.01,2004
5/6/2004,6.12,2004
5/13/2004,6.34,2004
5/20/2004,6.30,2004
5/27/2004,6.32,2004
6/3/2004,6.28,2004
6/10/2004,6.30,2004
6/17/2004,6.32,2004
6/24/2004,6.25,2004
7/1/2004,6.21,2004
7/8/2004,6.01,2004
7/15/2004,6.00,2004
7/22/2004,5.98,2004
7/29/2004,6.08,2004
8/5/2004,5.99,2004
8/12/2004,5.85,2004
8/19/2004,5.81,2004
8/26/2004,5.82,2004
9/2/2004,5.77,2004
9/9/2004,5.83,2004
9/16/2004,5.75,2004
9/23/2004,5.70,2004
9/30/2004,5.72,2004
10/7/2004,5.82,2004
10/14/2004,5.74,2004
10/21/2004,5.69,2004
10/28/2004,5.64,2004
11/4/2004,5.70,2004
11/11/2004,5.76,2004
11/18/2004,5.74,2004
11/24/2004,5.72,2004
12/2/2004,5.81,2004
12/9/2004,5.71,2004
12/16/2004,5.68,2004
12/22/2004,5.75,2004
12/29/2004,5.81,2004
1/6/2005,5.77,2005
1/13/2005,5.74,2005
1/20/2005,5.67,2005
1/27/2005,5.66,2005
2/3/2005,5.63,2005
2/10/2005,5.57,2005
2/17/2005,5.62,2005
2/24/2005,5.69,2005
3/3/2005,5.79,2005
3/10/2005,5.85,2005
3/17/2005,5.95,2005
3/24/2005,6.01,2005
3/31/2005,6.04,2005
4/7/2005,5.93,2005
4/14/2005,5.91,2005
4/21/2005,5.80,2005
4/28/2005,5.78,2005
5/5/2005,5.75,2005
5/12/2005,5.77,2005
5/19/2005,5.71,2005
5/26/2005,5.65,2005
6/2/2005,5.62,2005
6/9/2005,5.56,2005
6/16/2005,5.63,2005
6/23/2005,5.57,2005
6/30/2005,5.53,2005
7/7/2005,5.62,2005
7/14/2005,5.66,2005
7/21/2005,5.73,2005
7/28/2005,5.77,2005
8/4/2005,5.82,2005
8/11/2005,5.89,2005
8/18/2005,5.80,2005
8/25/2005,5.77,2005
9/1/2005,5.71,2005
9/8/2005,5.71,2005
9/15/2005,5.74,2005
9/22/2005,5.80,2005
9/29/2005,5.91,2005
10/6/2005,5.98,2005
10/13/2005,6.03,2005
10/20/2005,6.10,2005
10/27/2005,6.15,2005
11/3/2005,6.31,2005
11/10/2005,6.36,2005
11/17/2005,6.37,2005
11/23/2005,6.28,2005
12/1/2005,6.26,2005
12/8/2005,6.32,2005
12/15/2005,6.30,2005
12/22/2005,6.26,2005
12/29/2005,6.22,2005
1/5/2006,6.21,2006
1/12/2006,6.15,2006
1/19/2006,6.10,2006
1/26/2006,6.12,2006
2/2/2006,6.23,2006
2/9/2006,6.24,2006
2/16/2006,6.28,2006
2/23/2006,6.26,2006
3/2/2006,6.24,2006
3/9/2006,6.37,2006
3/16/2006,6.34,2006
3/23/2006,6.32,2006
3/30/2006,6.35,2006
4/6/2006,6.43,2006
4/13/2006,6.49,2006
4/20/2006,6.53,2006
4/27/2006,6.58,2006
5/4/2006,6.59,2006
5/11/2006,6.58,2006
5/18/2006,6.60,2006
5/25/2006,6.62,2006
6/1/2006,6.67,2006
6/8/2006,6.62,2006
6/15/2006,6.63,2006
6/22/2006,6.71,2006
6/29/2006,6.78,2006
7/6/2006,6.79,2006
7/13/2006,6.74,2006
7/20/2006,6.80,2006
7/27/2006,6.72,2006
8/3/2006,6.63,2006
8/10/2006,6.55,2006
8/17/2006,6.52,2006
8/24/2006,6.48,2006
8/31/2006,6.44,2006
9/7/2006,6.47,2006
9/14/2006,6.43,2006
9/21/2006,6.40,2006
9/28/2006,6.31,2006
10/5/2006,6.30,2006
10/12/2006,6.37,2006
10/19/2006,6.36,2006
10/26/2006,6.40,2006
11/2/2006,6.31,2006
11/9/2006,6.33,2006
11/16/2006,6.24,2006
11/22/2006,6.18,2006
11/30/2006,6.14,2006
12/7/2006,6.11,2006
12/14/2006,6.12,2006
12/21/2006,6.13,2006
12/28/2006,6.18,2006
1/4/2007,6.18,2007
1/11/2007,6.21,2007
1/18/2007,6.23,2007
1/25/2007,6.25,2007
2/1/2007,6.34,2007
2/8/2007,6.28,2007
2/15/2007,6.30,2007
2/22/2007,6.22,2007
3/1/2007,6.18,2007
3/8/2007,6.14,2007
3/15/2007,6.14,2007
3/22/2007,6.16,2007
3/29/2007,6.16,2007
4/5/2007,6.17,2007
4/12/2007,6.22,2007
4/19/2007,6.17,2007
4/26/2007,6.16,2007
5/3/2007,6.16,2007
5/10/2007,6.15,2007
5/17/2007,6.21,2007
5/24/2007,6.37,2007
5/31/2007,6.42,2007
6/7/2007,6.53,2007
6/14/2007,6.74,2007
6/21/2007,6.69,2007
6/28/2007,6.67,2007
7/5/2007,6.63,2007
7/12/2007,6.73,2007
7/19/2007,6.73,2007
7/26/2007,6.69,2007
8/2/2007,6.68,2007
8/9/2007,6.59,2007
8/16/2007,6.62,2007
8/23/2007,6.52,2007
8/30/2007,6.45,2007
9/6/2007,6.46,2007
9/13/2007,6.31,2007
9/20/2007,6.34,2007
9/27/2007,6.42,2007
10/4/2007,6.37,2007
10/11/2007,6.40,2007
10/18/2007,6.40,2007
10/25/2007,6.33,2007
11/1/2007,6.26,2007
11/8/2007,6.24,2007
11/15/2007,6.24,2007
11/21/2007,6.20,2007
11/29/2007,6.10,2007
12/6/2007,5.96,2007
12/13/2007,6.11,2007
12/20/2007,6.14,2007
12/27/2007,6.17,2007
1/3/2008,6.07,2008
1/10/2008,5.87,2008
1/17/2008,5.69,2008
1/24/2008,5.48,2008
1/31/2008,5.68,2008
2/7/2008,5.67,2008
2/14/2008,5.72,2008
2/21/2008,6.04,2008
2/28/2008,6.24,2008
3/6/2008,6.03,2008
3/13/2008,6.13,2008
3/20/2008,5.87,2008
3/27/2008,5.85,2008
4/3/2008,5.88,2008
4/10/2008,5.88,2008
4/17/2008,5.88,2008
4/24/2008,6.03,2008
5/1/2008,6.06,2008
5/8/2008,6.05,2008
5/15/2008,6.01,2008
5/22/2008,5.98,2008
5/29/2008,6.08,2008
6/5/2008,6.09,2008
6/12/2008,6.32,2008
6/19/2008,6.42,2008
6/26/2008,6.45,2008
7/3/2008,6.35,2008
7/10/2008,6.37,2008
7/17/2008,6.26,2008
7/24/2008,6.63,2008
7/31/2008,6.52,2008
8/7/2008,6.52,2008
8/14/2008,6.52,2008
8/21/2008,6.47,2008
8/28/2008,6.40,2008
9/4/2008,6.35,2008
9/11/2008,5.93,2008
9/18/2008,5.78,2008
9/25/2008,6.09,2008
10/2/2008,6.10,2008
10/9/2008,5.94,2008
10/16/2008,6.46,2008
10/23/2008,6.04,2008
10/30/2008,6.46,2008
11/6/2008,6.20,2008
11/13/2008,6.14,2008
11/20/2008,6.04,2008
11/26/2008,5.97,2008
12/4/2008,5.53,2008
12/11/2008,5.47,2008
12/18/2008,5.19,2008
12/24/2008,5.14,2008
12/31/2008,5.10,2008
1/8/2009,5.01,2009
1/15/2009,4.96,2009
1/22/2009,5.12,2009
1/29/2009,5.10,2009
2/5/2009,5.25,2009
2/12/2009,5.16,2009
2/19/2009,5.04,2009
2/26/2009,5.07,2009
3/5/2009,5.15,2009
3/12/2009,5.03,2009
3/19/2009,4.98,2009
3/26/2009,4.85,2009
4/2/2009,4.78,2009
4/9/2009,4.87,2009
4/16/2009,4.82,2009
4/23/2009,4.80,2009
4/30/2009,4.78,2009
5/7/2009,4.84,2009
5/14/2009,4.86,2009
5/21/2009,4.82,2009
5/28/2009,4.91,2009
6/4/2009,5.29,2009
6/11/2009,5.59,2009
6/18/2009,5.38,2009
6/25/2009,5.42,2009
7/2/2009,5.32,2009
7/9/2009,5.20,2009
7/16/2009,5.14,2009
7/23/2009,5.20,2009
7/30/2009,5.25,2009
8/6/2009,5.22,2009
8/13/2009,5.29,2009
8/20/2009,5.12,2009
8/27/2009,5.14,2009
9/3/2009,5.08,2009
9/10/2009,5.07,2009
9/17/2009,5.04,2009
9/24/2009,5.04,2009
10/1/2009,4.94,2009
10/8/2009,4.87,2009
10/15/2009,4.92,2009
10/22/2009,5.00,2009
10/29/2009,5.03,2009
11/5/2009,4.98,2009
11/12/2009,4.91,2009
11/19/2009,4.83,2009
11/25/2009,4.78,2009
12/3/2009,4.71,2009
12/10/2009,4.81,2009
12/17/2009,4.94,2009
12/24/2009,5.05,2009
12/31/2009,5.14,2009
1/7/2010,5.09,2010
1/14/2010,5.06,2010
1/21/2010,4.99,2010
1/28/2010,4.98,2010
2/4/2010,5.01,2010
2/11/2010,4.97,2010
2/18/2010,4.93,2010
2/25/2010,5.05,2010
3/4/2010,4.97,2010
3/11/2010,4.95,2010
3/18/2010,4.96,2010
3/25/2010,4.99,2010
4/1/2010,5.08,2010
4/8/2010,5.21,2010
4/15/2010,5.07,2010
4/22/2010,5.07,2010
4/29/2010,5.06,2010
5/6/2010,5.00,2010
5/13/2010,4.93,2010
5/20/2010,4.84,2010
5/27/2010,4.78,2010
6/3/2010,4.79,2010
6/10/2010,4.72,2010
6/17/2010,4.75,2010
6/24/2010,4.69,2010
7/1/2010,4.58,2010
7/8/2010,4.57,2010
7/15/2010,4.57,2010
7/22/2010,4.56,2010
7/29/2010,4.54,2010
8/5/2010,4.49,2010
8/12/2010,4.44,2010
8/19/2010,4.42,2010
8/26/2010,4.36,2010
9/2/2010,4.32,2010
9/9/2010,4.35,2010
9/16/2010,4.37,2010
9/23/2010,4.37,2010
9/30/2010,4.32,2010
10/7/2010,4.27,2010
10/14/2010,4.19,2010
10/21/2010,4.21,2010
10/28/2010,4.23,2010
11/4/2010,4.24,2010
11/11/2010,4.17,2010
11/18/2010,4.39,2010
11/24/2010,4.40,2010
12/2/2010,4.46,2010
12/9/2010,4.61,2010
12/16/2010,4.83,2010
12/23/2010,4.81,2010
12/30/2010,4.86,2010
1/6/2011,4.77,2011
1/13/2011,4.71,2011
1/20/2011,4.74,2011
1/27/2011,4.80,2011
2/3/2011,4.81,2011
2/10/2011,5.05,2011
2/17/2011,5.00,2011
2/24/2011,4.95,2011
3/3/2011,4.87,2011
3/10/2011,4.88,2011
3/17/2011,4.76,2011
3/24/2011,4.81,2011
3/31/2011,4.86,2011
4/7/2011,4.87,2011
4/14/2011,4.91,2011
4/21/2011,4.80,2011
4/28/2011,4.78,2011
5/5/2011,4.71,2011
5/12/2011,4.63,2011
5/19/2011,4.61,2011
5/26/2011,4.60,2011
6/2/2011,4.55,2011
6/9/2011,4.49,2011
6/16/2011,4.50,2011
6/23/2011,4.50,2011
6/30/2011,4.51,2011
7/7/2011,4.60,2011
7/14/2011,4.51,2011
7/21/2011,4.52,2011
7/28/2011,4.55,2011
8/4/2011,4.39,2011
8/11/2011,4.32,2011
8/18/2011,4.15,2011
8/25/2011,4.22,2011
9/1/2011,4.22,2011
9/8/2011,4.12,2011
9/15/2011,4.09,2011
9/22/2011,4.09,2011
9/29/2011,4.01,2011
10/6/2011,3.94,2011
10/13/2011,4.12,2011
10/20/2011,4.11,2011
10/27/2011,4.10,2011
11/3/2011,4.00,2011
11/10/2011,3.99,2011
11/17/2011,4.00,2011
11/23/2011,3.98,2011
12/1/2011,4.00,2011
12/8/2011,3.99,2011
12/15/2011,3.94,2011
12/22/2011,3.91,2011
12/29/2011,3.95,2011
1/5/2012,3.91,2012
1/12/2012,3.89,2012
1/19/2012,3.88,2012
1/26/2012,3.98,2012
2/2/2012,3.87,2012
2/9/2012,3.87,2012
2/16/2012,3.87,2012
2/23/2012,3.95,2012
3/1/2012,3.90,2012
3/8/2012,3.88,2012
3/15/2012,3.92,2012
3/22/2012,4.08,2012
3/29/2012,3.99,2012
4/5/2012,3.98,2012
4/12/2012,3.88,2012
4/19/2012,3.90,2012
4/26/2012,3.88,2012
5/3/2012,3.84,2012
5/10/2012,3.83,2012
5/17/2012,3.79,2012
5/24/2012,3.78,2012
5/31/2012,3.75,2012
6/7/2012,3.67,2012
6/14/2012,3.71,2012
6/21/2012,3.66,2012
6/28/2012,3.66,2012
7/5/2012,3.62,2012
7/12/2012,3.56,2012
7/19/2012,3.53,2012
7/26/2012,3.49,2012
8/2/2012,3.55,2012
8/9/2012,3.59,2012
8/16/2012,3.62,2012
8/23/2012,3.66,2012
8/30/2012,3.59,2012
9/6/2012,3.55,2012
9/13/2012,3.55,2012
9/20/2012,3.49,2012
9/27/2012,3.40,2012
10/4/2012,3.36,2012
10/11/2012,3.39,2012
10/18/2012,3.37,2012
10/25/2012,3.41,2012
11/1/2012,3.39,2012
11/8/2012,3.40,2012
11/15/2012,3.34,2012
11/21/2012,3.31,2012
11/29/2012,3.32,2012
12/6/2012,3.34,2012
12/13/2012,3.32,2012
12/20/2012,3.37,2012
12/27/2012,3.35,2012
1/3/2013,3.34,2013
1/10/2013,3.40,2013
1/17/2013,3.38,2013
1/24/2013,3.42,2013
1/31/2013,3.53,2013
2/7/2013,3.53,2013
2/14/2013,3.53,2013
2/21/2013,3.56,2013
2/28/2013,3.51,2013
3/7/2013,3.52,2013
3/14/2013,3.63,2013
3/21/2013,3.54,2013
3/28/2013,3.57,2013
4/4/2013,3.54,2013
4/11/2013,3.43,2013
4/18/2013,3.41,2013
4/25/2013,3.40,2013
5/2/2013,3.35,2013
5/9/2013,3.42,2013
5/16/2013,3.51,2013
5/23/2013,3.59,2013
5/30/2013,3.81,2013
6/6/2013,3.91,2013
6/13/2013,3.98,2013
6/20/2013,3.93,2013
6/27/2013,4.46,2013
7/3/2013,4.29,2013
7/11/2013,4.51,2013
7/18/2013,4.37,2013
7/25/2013,4.31,2013
8/1/2013,4.39,2013
8/8/2013,4.40,2013
8/15/2013,4.40,2013
8/22/2013,4.58,2013
8/29/2013,4.51,2013
9/5/2013,4.57,2013
9/12/2013,4.57,2013
9/19/2013,4.50,2013
9/26/2013,4.32,2013
10/3/2013,4.22,2013
10/10/2013,4.23,2013
10/17/2013,4.28,2013
10/24/2013,4.13,2013
10/31/2013,4.10,2013
11/7/2013,4.16,2013
11/14/2013,4.35,2013
11/21/2013,4.22,2013
11/27/2013,4.29,2013
12/5/2013,4.46,2013
12/12/2013,4.42,2013
12/19/2013,4.47,2013
12/26/2013,4.48,2013
1/2/2014,4.53,2014
1/9/2014,4.51,2014
1/16/2014,4.41,2014
1/23/2014,4.39,2014
1/30/2014,4.32,2014
2/6/2014,4.23,2014
2/13/2014,4.28,2014
2/20/2014,4.33,2014
2/27/2014,4.37,2014
3/6/2014,4.28,2014
3/13/2014,4.37,2014
3/20/2014,4.32,2014
3/27/2014,4.40,2014
4/3/2014,4.41,2014
4/10/2014,4.34,2014
4/17/2014,4.27,2014
4/24/2014,4.33,2014
5/1/2014,4.29,2014
5/8/2014,4.21,2014
5/15/2014,4.20,2014
5/22/2014,4.14,2014
5/29/2014,4.12,2014
6/5/2014,4.14,2014
6/12/2014,4.20,2014
6/19/2014,4.17,2014
6/26/2014,4.14,2014
7/3/2014,4.12,2014
7/10/2014,4.15,2014
7/17/2014,4.13,2014
7/24/2014,4.13,2014
7/31/2014,4.12,2014
8/7/2014,4.14,2014
8/14/2014,4.12,2014
8/21/2014,4.10,2014
8/28/2014,4.10,2014
9/4/2014,4.10,2014
9/11/2014,4.12,2014
9/18/2014,4.23,2014
9/25/2014,4.20,2014
10/2/2014,4.19,2014
10/9/2014,4.12,2014
10/16/2014,3.97,2014
10/23/2014,3.92,2014
10/30/2014,3.98,2014
11/6/2014,4.02,2014
11/13/2014,4.01,2014
11/20/2014,3.99,2014
11/26/2014,3.97,2014
12/4/2014,3.89,2014
12/11/2014,3.93,2014
12/18/2014,3.80,2014
12/24/2014,3.83,2014
12/31/2014,3.87,2014
1/8/2015,3.73,2015
1/15/2015,3.66,2015
1/22/2015,3.63,2015
1/29/2015,3.66,2015
2/5/2015,3.59,2015
2/12/2015,3.69,2015
2/19/2015,3.76,2015
2/26/2015,3.80,2015
3/5/2015,3.75,2015
3/12/2015,3.86,2015
3/19/2015,3.78,2015
3/26/2015,3.69,2015
4/2/2015,3.70,2015
4/9/2015,3.66,2015
4/16/2015,3.67,2015
4/23/2015,3.65,2015
4/30/2015,3.68,2015
5/7/2015,3.80,2015
5/14/2015,3.85,2015
5/21/2015,3.84,2015
5/28/2015,3.87,2015
6/4/2015,3.87,2015
6/11/2015,4.04,2015
6/18/2015,4.00,2015
6/25/2015,4.02,2015
7/2/2015,4.08,2015
7/9/2015,4.04,2015
7/16/2015,4.09,2015
7/23/2015,4.04,2015
7/30/2015,3.98,2015
8/6/2015,3.91,2015
8/13/2015,3.94,2015
8/20/2015,3.93,2015
8/27/2015,3.84,2015
9/3/2015,3.89,2015
9/10/2015,3.90,2015
9/17/2015,3.91,2015
9/24/2015,3.86,2015
10/1/2015,3.85,2015
10/8/2015,3.76,2015
10/15/2015,3.82,2015
10/22/2015,3.79,2015
10/29/2015,3.76,2015
11/5/2015,3.87,2015
11/12/2015,3.98,2015
11/19/2015,3.97,2015
11/25/2015,3.95,2015
12/3/2015,3.93,2015
12/10/2015,3.95,2015
12/17/2015,3.97,2015
12/24/2015,3.96,2015
12/31/2015,4.01,2015
1/7/2016,3.97,2016
1/14/2016,3.92,2016
1/21/2016,3.81,2016
1/28/2016,3.79,2016
2/4/2016,3.72,2016
2/11/2016,3.65,2016
2/18/2016,3.65,2016
2/25/2016,3.62,2016
3/3/2016,3.64,2016
3/10/2016,3.68,2016
3/17/2016,3.73,2016
3/24/2016,3.71,2016
3/31/2016,3.71,2016
4/7/2016,3.59,2016
4/14/2016,3.58,2016
4/21/2016,3.59,2016
4/28/2016,3.66,2016
5/5/2016,3.61,2016
5/12/2016,3.57,2016
5/19/2016,3.58,2016
5/26/2016,3.64,2016
6/2/2016,3.66,2016
6/9/2016,3.60,2016
6/16/2016,3.54,2016
6/23/2016,3.56,2016
6/30/2016,3.48,2016
7/7/2016,3.41,2016
7/14/2016,3.42,2016
7/21/2016,3.45,2016
7/28/2016,3.48,2016
8/4/2016,3.43,2016
8/11/2016,3.45,2016
8/18/2016,3.43,2016
8/25/2016,3.43,2016
9/1/2016,3.46,2016
9/8/2016,3.44,2016
9/15/2016,3.50,2016
9/22/2016,3.48,2016
9/29/2016,3.42,2016
10/6/2016,3.42,2016
10/13/2016,3.47,2016
10/20/2016,3.52,2016
10/27/2016,3.47,2016
11/3/2016,3.54,2016
11/10/2016,3.57,2016
11/17/2016,3.94,2016
11/23/2016,4.03,2016
12/1/2016,4.08,2016
12/8/2016,4.13,2016
12/15/2016,4.16,2016
12/22/2016,4.30,2016
12/29/2016,4.32,2016
1/5/2017,4.20,2017
1/12/2017,4.12,2017
1/19/2017,4.09,2017
1/26/2017,4.19,2017
2/2/2017,4.19,2017
2/9/2017,4.17,2017
2/16/2017,4.15,2017
2/23/2017,4.16,2017
3/2/2017,4.10,2017
3/9/2017,4.21,2017
3/16/2017,4.30,2017
3/23/2017,4.23,2017
3/30/2017,4.14,2017
4/6/2017,4.10,2017
4/13/2017,4.08,2017
4/20/2017,3.97,2017
4/27/2017,4.03,2017
5/4/2017,4.02,2017
5/11/2017,4.05,2017
5/18/2017,4.02,2017
5/25/2017,3.95,2017
6/1/2017,3.94,2017
6/8/2017,3.89,2017
6/15/2017,3.91,2017
6/22/2017,3.90,2017
6/29/2017,3.88,2017
7/6/2017,3.96,2017
7/13/2017,4.03,2017
7/20/2017,3.96,2017
7/27/2017,3.92,2017
8/3/2017,3.93,2017
8/10/2017,3.90,2017
8/17/2017,3.89,2017
8/24/2017,3.86,2017
8/31/2017,3.82,2017
9/7/2017,3.78,2017
9/14/2017,3.78,2017
9/21/2017,3.83,2017
9/28/2017,3.83,2017
10/5/2017,3.85,2017
10/12/2017,3.91,2017
10/19/2017,3.88,2017
10/26/2017,3.94,2017
11/2/2017,3.94,2017
11/9/2017,3.90,2017
11/16/2017,3.95,2017
11/22/2017,3.92,2017
11/30/2017,3.90,2017
12/7/2017,3.94,2017
12/14/2017,3.93,2017
12/21/2017,3.94,2017
12/28/2017,3.99,2017
1/4/2018,3.95,2018
1/11/2018,3.99,2018
1/18/2018,4.04,2018
1/25/2018,4.15,2018
2/1/2018,4.22,2018
2/8/2018,4.32,2018
2/15/2018,4.38,2018
2/22/2018,4.40,2018
3/1/2018,4.43,2018
3/8/2018,4.46,2018
3/15/2018,4.44,2018
3/22/2018,4.45,2018
3/29/2018,4.44,2018
4/5/2018,4.40,2018
4/12/2018,4.42,2018
4/19/2018,4.47,2018
4/26/2018,4.58,2018
5/3/2018,4.55,2018
5/10/2018,4.55,2018
5/17/2018,4.61,2018
5/24/2018,4.66,2018
5/31/2018,4.56,2018
6/7/2018,4.54,2018
6/14/2018,4.62,2018
6/21/2018,4.57,2018
6/28/2018,4.55,2018
7/5/2018,4.52,2018
7/12/2018,4.53,2018
7/19/2018,4.52,2018
7/26/2018,4.54,2018
8/2/2018,4.60,2018
8/9/2018,4.59,2018
8/16/2018,4.53,2018
8/23/2018,4.51,2018
8/30/2018,4.52,2018
9/6/2018,4.54,2018
9/13/2018,4.60,2018
9/20/2018,4.65,2018
9/27/2018,4.72,2018
10/4/2018,4.71,2018
10/11/2018,4.90,2018
10/18/2018,4.85,2018
10/25/2018,4.86,2018
11/1/2018,4.83,2018
11/8/2018,4.94,2018
11/15/2018,4.94,2018
11/21/2018,4.81,2018
11/29/2018,4.81,2018
12/6/2018,4.75,2018
12/13/2018,4.63,2018
12/20/2018,4.62,2018
12/27/2018,4.55,2018
1/3/2019,4.51,2019
1/10/2019,4.45,2019
1/17/2019,4.45,2019
1/24/2019,4.45,2019
1/31/2019,4.46,2019
2/7/2019,4.41,2019
2/14/2019,4.37,2019
2/21/2019,4.35,2019
2/28/2019,4.35,2019
3/7/2019,4.41,2019
3/14/2019,4.31,2019
3/21/2019,4.28,2019
3/28/2019,4.06,2019
4/4/2019,4.08,2019
4/11/2019,4.12,2019
4/18/2019,4.17,2019
4/25/2019,4.20,2019
5/2/2019,4.14,2019
5/9/2019,4.10,2019
5/16/2019,4.07,2019
5/23/2019,4.06,2019
5/30/2019,3.99,2019
6/6/2019,3.82,2019
6/13/2019,3.82,2019
6/20/2019,3.84,2019
6/27/2019,3.73,2019
7/3/2019,3.75,2019
7/11/2019,3.75,2019
7/18/2019,3.81,2019
7/25/2019,3.75,2019
8/1/2019,3.75,2019
8/8/2019,3.60,2019
8/15/2019,3.60,2019
8/22/2019,3.55,2019
8/29/2019,3.58,2019
9/5/2019,3.49,2019
9/12/2019,3.56,2019
9/19/2019,3.73,2019
9/26/2019,3.64,2019
10/3/2019,3.65,2019
10/10/2019,3.57,2019
10/17/2019,3.69,2019
10/24/2019,3.75,2019
10/31/2019,3.78,2019
11/7/2019,3.69,2019
11/14/2019,3.75,2019
11/21/2019,3.66,2019
11/27/2019,3.68,2019
12/5/2019,3.68,2019
12/12/2019,3.73,2019
12/19/2019,3.73,2019
12/26/2019,3.74,2019
1/2/2020,3.72,2020
1/9/2020,3.64,2020
1/16/2020,3.65,2020
1/23/2020,3.60,2020
1/30/2020,3.51,2020
2/6/2020,3.45,2020
2/13/2020,3.47,2020
2/20/2020,3.49,2020
2/27/2020,3.45,2020
3/5/2020,3.29,2020
3/12/2020,3.36,2020
3/19/2020,3.65,2020
3/26/2020,3.50,2020
4/2/2020,3.33,2020
4/9/2020,3.33,2020
4/16/2020,3.31,2020
4/23/2020,3.33,2020
4/30/2020,3.23,2020
5/7/2020,3.26,2020
5/14/2020,3.28,2020
5/21/2020,3.24,2020
5/28/2020,3.15,2020
6/4/2020,3.18,2020
6/11/2020,3.21,2020
6/18/2020,3.13,2020
6/25/2020,3.13,2020
7/2/2020,3.07,2020
7/9/2020,3.03,2020
7/16/2020,2.98,2020
7/23/2020,3.01,2020
7/30/2020,2.99,2020
8/6/2020,2.88,2020
8/13/2020,2.96,2020
8/20/2020,2.99,2020
8/27/2020,2.91,2020
9/3/2020,2.93,2020
9/10/2020,2.86,2020
9/17/2020,2.87,2020
9/24/2020,2.90,2020
10/1/2020,2.88,2020
10/8/2020,2.87,2020
10/15/2020,2.81,2020
10/22/2020,2.80,2020
10/29/2020,2.81,2020
11/5/2020,2.78,2020
11/12/2020,2.84,2020
11/19/2020,2.72,2020
11/25/2020,2.72,2020
12/3/2020,2.71,2020
12/10/2020,2.71,2020
12/17/2020,2.67,2020
12/24/2020,2.66,2020
12/31/2020,2.67,2020
1/7/2021,2.65,2021
1/14/2021,2.79,2021
1/21/2021,2.77,2021
1/28/2021,2.73,2021
2/4/2021,2.73,2021
2/11/2021,2.73,2021
2/18/2021,2.81,2021
2/25/2021,2.97,2021
3/4/2021,3.02,2021
3/11/2021,3.05,2021
3/18/2021,3.09,2021
3/25/2021,3.17,2021
4/1/2021,3.18,2021
4/8/2021,3.13,2021
4/15/2021,3.04,2021
4/22/2021,2.97,2021
4/29/2021,2.98,2021
5/6/2021,2.96,2021
5/13/2021,2.94,2021
5/20/2021,3.00,2021
5/27/2021,2.95,2021
6/3/2021,2.99,2021
6/10/2021,2.96,2021
6/17/2021,2.93,2021
6/24/2021,3.02,2021
7/1/2021,2.98,2021
7/8/2021,2.90,2021
7/15/2021,2.88,2021
7/22/2021,2.78,2021
7/29/2021,2.80,2021
8/5/2021,2.77,2021
8/12/2021,2.87,2021
8/19/2021,2.86,2021
8/26/2021,2.87,2021
9/2/2021,2.87,2021
9/9/2021,2.88,2021
9/16/2021,2.86,2021
9/23/2021,2.88,2021
9/30/2021,3.01,2021
10/7/2021,2.99,2021
10/14/2021,3.05,2021
10/21/2021,3.09,2021
10/28/2021,3.14,2021
11/4/2021,3.09,2021
11/10/2021,2.98,2021
11/18/2021,3.10,2021
11/24/2021,3.10,2021
12/2/2021,3.11,2021
12/9/2021,3.10,2021
12/16/2021,3.12,2021
12/23/2021,3.05,2021
12/30/2021,3.11,2021
1/6/2022,3.22,2022
1/13/2022,3.45,2022
1/20/2022,3.56,2022
1/27/2022,3.55,2022
2/3/2022,3.55,2022
2/10/2022,3.69,2022
2/17/2022,3.92,2022
2/24/2022,3.89,2022
3/3/2022,3.76,2022
3/10/2022,3.85,2022
3/17/2022,4.16,2022
3/24/2022,4.42,2022
3/31/2022,4.67,2022
4/7/2022,4.72,2022
4/14/2022,5.00,2022
4/21/2022,5.11,2022
4/28/2022,5.10,2022
5/5/2022,5.27,2022
5/12/2022,5.30,2022
5/19/2022,5.25,2022
5/26/2022,5.10,2022
6/2/2022,5.09,2022
6/9/2022,5.23,2022
6/16/2022,5.78,2022
6/23/2022,5.81,2022
6/30/2022,5.70,2022
7/7/2022,5.30,2022
7/14/2022,5.51,2022
7/21/2022,5.54,2022
7/28/2022,5.30,2022
8/4/2022,4.99,2022
8/11/2022,5.22,2022
8/18/2022,5.13,2022
8/25/2022,5.55,2022
9/1/2022,5.66,2022
9/8/2022,5.89,2022
9/15/2022,6.02,2022
9/22/2022,6.29,2022
9/29/2022,6.70,2022
10/6/2022,6.66,2022
10/13/2022,6.92,2022
10/20/2022,6.94,2022
10/27/2022,7.08,2022
11/3/2022,6.95,2022
11/10/2022,7.08,2022
11/17/2022,6.61,2022
11/23/2022,6.58,2022
12/1/2022,6.49,2022
12/8/2022,6.33,2022
12/15/2022,6.31,2022
12/22/2022,6.27,2022
12/29/2022,6.42,2022
1/5/2023,6.48,2023
1/12/2023,6.33,2023
1/19/2023,6.15,2023
1/26/2023,6.13,2023
2/2/2023,6.09,2023
2/9/2023,6.12,2023
2/16/2023,6.32,2023
2/23/2023,6.50,2023
3/2/2023,6.65,2023
3/9/2023,6.73,2023
3/16/2023,6.60,2023
3/23/2023,6.42,2023
3/30/2023,6.32,2023
4/6/2023,6.28,2023
4/13/2023,6.27,2023
4/20/2023,6.39,2023
4/27/2023,6.43,2023
5/4/2023,6.39,2023
5/11/2023,6.35,2023
5/18/2023,6.39,2023
5/25/2023,6.57,2023
6/1/2023,6.79,2023
6/8/2023,6.71,2023
6/15/2023,6.69,2023
6/22/2023,6.67,2023
6/29/2023,6.71,2023
7/6/2023,6.81,2023
7/13/2023,6.96,2023
7/20/2023,6.78,2023
7/27/2023,6.81,2023
8/3/2023,6.90,2023
8/10/2023,6.96,2023
8/17/2023,7.09,2023
8/24/2023,7.23,2023
8/31/2023,7.18,2023
9/7/2023,7.12,2023
9/14/2023,7.18,2023
9/21/2023,7.19,2023
9/28/2023,7.31,2023
10/5/2023,7.49,2023
10/12/2023,7.57,2023
10/19/2023,7.63,2023
10/26/2023,7.79,2023
11/2/2023,7.76,2023
11/9/2023,7.50,2023
11/16/2023,7.44,2023
11/22/2023,7.29,2023
11/30/2023,7.22,2023
12/7/2023,7.03,2023
12/14/2023,6.95,2023
12/21/2023,6.67,2023
12/28/2023,6.61,2023
1/4/2024,6.62,2024
1/11/2024,6.66,2024
1/18/2024,6.60,2024
1/25/2024,6.69,2024
2/1/2024,6.63,2024
2/8/2024,6.64,2024
2/15/2024,6.77,2024
2/22/2024,6.90,2024
2/29/2024,6.94,2024
3/7/2024,6.88,2024
3/14/2024,6.74,2024
3/21/2024,6.87,2024
3/28/2024,6.79,2024
4/4/2024,6.82,2024
4/11/2024,6.88,2024
4/18/2024,7.10,2024
4/25/2024,7.17,2024
5/2/2024,7.22,2024
5/9/2024,7.09,2024
5/16/2024,7.02,2024
5/23/2024,6.94,2024
5/30/2024,7.03,2024
6/6/2024,6.99,2024
6/13/2024,6.95,2024
6/20/2024,6.87,2024
6/27/2024,6.86,2024
7/3/2024,6.95,2024
7/11/2024,6.89,2024
7/18/2024,6.77,2024
7/25/2024,6.78,2024
8/1/2024,6.73,2024
8/8/2024,6.47,2024
8/15/2024,6.49,2024
8/22/2024,6.46,2024
8/29/2024,6.35,2024
9/5/2024,6.35,2024
9/12/2024,6.20,2024
9/19/2024,6.09,2024
9/26/2024,6.08,2024
10/3/2024,6.12,2024
10/10/2024,6.32,2024
10/17/2024,6.44,2024
10/24/2024,6.54,2024
10/31/2024,6.72,2024
11/7/2024,6.79,2024
11/14/2024,6.78,2024
11/21/2024,6.84,2024
11/27/2024,6.81,2024
12/5/2024,6.69,2024
12/12/2024,6.60,2024
12/19/2024,6.72,2024
12/26/2024,6.85,2024
1/2/2025,6.91,2025
1/9/2025,6.93,2025
1/16/2025,7.04,2025
1/23/2025,6.96,2025
1/30/2025,6.95,2025
2/6/2025,6.89,2025
2/13/2025,6.87,2025
2/20/2025,6.85,2025
2/27/2025,6.76,2025
3/6/2025,6.63,2025
3/13/2025,6.65,2025
3/20/2025,6.67,2025
3/27/2025,6.65,2025
"Although Freddie Mac attempts to provide reliable, useful information in this document Freddie Mac does not guarantee that the information is accurate, current or suitable for any particular purpose. Estimates contained in this document are those of Freddie Mac currently and are subject to change without notice. 

Information from this document may be used with proper attribution. Alteration of this document is strictly prohibited. 2022 by Freddie Mac.",,#VALUE!